{
  "M.E.T.H.": {
    "officer": [],
    "instructors": [],
    "members": []
  },
  "D.I.E.S.E.L.": {
    "officer": [],
    "instructors": [],
    "members": []
  },
  "S.T.A.L.K.E.R.": {
    "officer": [],
    "instructors": [],
    "members": []
  },
  "C.A.L.I.B.R.E.": {
    "officer": [],
    "instructors": [],
    "members": []
  },
  "G.E.N.E.V.A.": {
    "officer": [],
    "instructors": [],
    "members": []
  },
  "R.E.T.I.C.L.E.": {
    "officer": [],
    "instructors": [],
    "members": []
  },
  "544946624506495009": {
    "M.E.T.H.": "member"
  },
  "603550636545540096": {
    "M.E.T.H.": "member",
    "G.E.N.E.V.A.": "member"
  },
  "1109248456402403461": {
    "G.E.N.E.V.A.": "member"
  }
}